C_Value,ELO,Win_Rate,Avg_Turns,Avg_Iters
0.45,991.7243347980553,26.0,126.18,2428.8939026981093
0.55,932.3474644187563,20.0,121.18,2582.2365724381625
