C_Value,ELO,Win_Rate,Avg_Turns,Avg_Iters
0.4,1072.6342023834743,44.0,113.66,2359.3257562662056
